name	x	y	z	size	group	hemisphere
F7	n/a	n/a	n/a	n/a	F	R
F6	n/a	n/a	n/a	n/a	F	R
F8	n/a	n/a	n/a	n/a	F	R
F9	n/a	n/a	n/a	n/a	F	R
G8	n/a	n/a	n/a	n/a	G	R
G7	n/a	n/a	n/a	n/a	G	R
G9	n/a	n/a	n/a	n/a	G	R
G11	n/a	n/a	n/a	n/a	G	R
G10	n/a	n/a	n/a	n/a	G	R
G12	n/a	n/a	n/a	n/a	G	R
O2	n/a	n/a	n/a	n/a	O	R
O1	n/a	n/a	n/a	n/a	O	R
O3	n/a	n/a	n/a	n/a	O	R
O4	n/a	n/a	n/a	n/a	O	R
O5	n/a	n/a	n/a	n/a	O	R
O6	n/a	n/a	n/a	n/a	O	R
O7	n/a	n/a	n/a	n/a	O	R
O8	n/a	n/a	n/a	n/a	O	R
O9	n/a	n/a	n/a	n/a	O	R
O10	n/a	n/a	n/a	n/a	O	R
O11	n/a	n/a	n/a	n/a	O	R
T2	n/a	n/a	n/a	n/a	T	R
T1	n/a	n/a	n/a	n/a	T	R
G'10	n/a	n/a	n/a	n/a	G'	L
G'9	n/a	n/a	n/a	n/a	G'	L
G'11	n/a	n/a	n/a	n/a	G'	L
G'12	n/a	n/a	n/a	n/a	G'	L
O'2	n/a	n/a	n/a	n/a	O'	L
O'1	n/a	n/a	n/a	n/a	O'	L
O'3	n/a	n/a	n/a	n/a	O'	L
O'4	n/a	n/a	n/a	n/a	O'	L
O'5	n/a	n/a	n/a	n/a	O'	L
O'6	n/a	n/a	n/a	n/a	O'	L
O'7	n/a	n/a	n/a	n/a	O'	L
O'10	n/a	n/a	n/a	n/a	O'	L
O'9	n/a	n/a	n/a	n/a	O'	L
