onset	duration	trial_type	condition	sample	trial_index	source_trial_label	PE	outcome_index	outcome	outcome_time_onset	outcome_time_sample
0.00000000	2.00390625	trial	rew	0	1	1	0	1	+0€	0.50000000	128
2.00390625	2.00390625	trial	rew	513	2	2	1	2	+1€	2.50390625	641
4.00781250	2.00390625	trial	pun	1026	3	-1	0	-1	-0€	4.50781250	1154
6.01171875	2.00390625	trial	rew	1539	4	2	1	2	+1€	6.51171875	1667
8.01562500	2.00390625	trial	rew	2052	5	2	0.7436930244795814	2	+1€	8.51562500	2180
10.01953125	2.00390625	trial	rew	2565	6	2	0.7436930244795814	2	+1€	10.51953125	2693
12.02343750	2.00390625	trial	rew	3078	7	2	0.5530793146595872	2	+1€	12.52343750	3206
14.02734375	2.00390625	trial	pun	3591	8	-1	0	-1	-0€	14.52734375	3719
16.03125000	2.00390625	trial	rew	4104	9	2	0.5530793146595872	2	+1€	16.53125000	4232
18.03515625	2.00390625	trial	rew	4617	10	1	-0.5886787717037176	1	+0€	18.53515625	4745
20.03906250	2.00390625	trial	pun	5130	11	-2	-1	-2	-1€	20.53906250	5258
22.04296875	2.00390625	trial	rew	5643	12	2	0.5622037038247373	2	+1€	22.54296875	5771
24.04687500	2.00390625	trial	rew	6156	13	2	0.4113212282962824	2	+1€	24.54687500	6284
26.05078125	2.00390625	trial	pun	6669	14	-2	-1	-2	-1€	26.55078125	6797
28.05468750	2.00390625	trial	rew	7182	15	2	0.3058967283043186	2	+1€	28.55468750	7310
30.05859375	2.00390625	trial	rew	7695	16	2	0.2274932630510474	2	+1€	30.55859375	7823
32.06250000	2.00390625	trial	rew	8208	17	2	0.4181069728710416	2	+1€	32.56250000	8336
34.06640625	2.00390625	trial	rew	8721	18	1	-0.8308148471528375	1	+0€	34.56640625	8849
36.07031250	2.00390625	trial	rew	9234	19	2	0.3821287935383652	2	+1€	36.57031250	9362
38.07421875	2.00390625	trial	pun	9747	20	-2	-0.7436930244795814	-2	-1€	38.57421875	9875
40.07812500	2.00390625	trial	pun	10260	21	-2	-0.7436930244795814	-2	-1€	40.57812500	10388
42.08203125	2.00390625	trial	rew	10773	22	2	0.2841865182072802	2	+1€	42.58203125	10901
44.08593750	2.00390625	trial	pun	11286	23	-1	0	-1	-0€	44.58593750	11414
46.08984375	2.00390625	trial	pun	11799	24	-1	0	-1	-0€	46.58984375	11927
48.09375000	2.00390625	trial	pun	12312	25	-2	-0.5530793146595872	-2	-1€	48.59375000	12440
50.09765625	2.00390625	trial	rew	12825	26	1	-0.7886524687581061	1	+0€	50.59765625	12953
52.10156250	2.00390625	trial	pun	13338	27	-1	0	-1	-0€	52.60156250	13466
54.10546875	2.00390625	trial	pun	13851	28	-2	-0.5530793146595872	-2	-1€	54.60546875	13979
56.10937500	2.00390625	trial	rew	14364	29	2	0.4134846602459955	2	+1€	56.60937500	14492
58.11328125	2.00390625	trial	rew	14877	30	1	-0.6924943424457435	1	+0€	58.61328125	15005
60.11718750	2.00390625	trial	pun	15390	31	-2	-1	-2	-1€	60.61718750	15518
62.12109375	2.00390625	trial	pun	15903	32	-1	0	-1	-0€	62.62109375	16031
64.12500000	2.00390625	trial	pun	16416	33	-1	0.2563069755204186	-1	-0€	64.62500000	16544
66.12890625	2.00390625	trial	rew	16929	34	2	0.4849967880315261	2	+1€	66.62890625	17057
68.13281250	2.00390625	trial	rew	17442	35	2	0.3109432392104672	2	+1€	68.63281250	17570
70.13671875	2.00390625	trial	rew	17955	36	2	0.2312463180099102	2	+1€	70.63671875	18083
72.14062500	2.00390625	trial	pun	18468	37	-2	-1	-2	-1€	72.64062500	18596
74.14453125	2.00390625	trial	pun	18981	38	-1	0.2563069755204186	-1	-0€	74.64453125	19109
76.14843750	2.00390625	trial	rew	19494	39	1	-0.8280237263594428	1	+0€	76.64843750	19622
78.15234375	2.00390625	trial	pun	20007	40	-1	0.5886787717037176	-1	-0€	78.65234375	20135
80.15625000	2.00390625	trial	pun	20520	41	-2	-0.5622037038247373	-2	-1€	80.65625000	20648
82.16015625	2.00390625	trial	pun	21033	42	-2	-0.8093862901800059	-2	-1€	82.66015625	21161
84.16406250	2.00390625	trial	rew	21546	43	2	0.3606887281540481	2	+1€	84.66406250	21674
86.16796875	2.00390625	trial	pun	22059	44	-2	-0.4113212282962824	-2	-1€	86.66796875	22187
88.17187500	2.00390625	trial	rew	22572	45	2	0.3842045306028927	2	+1€	88.67187500	22700
90.17578125	2.00390625	trial	pun	23085	46	-2	-0.3058967283043186	-2	-1€	90.67578125	23213
92.17968750	2.00390625	trial	rew	23598	47	2	0.2682416911365775	2	+1€	92.67968750	23726
94.18359375	2.00390625	trial	pun	24111	48	-1	0.3980650618837234	-1	-0€	94.68359375	24239
96.18750000	2.00390625	trial	rew	24624	49	1	-0.7142697706171768	1	+0€	96.68750000	24752
98.19140625	2.00390625	trial	pun	25137	50	-2	-0.2274932630510474	-2	-1€	98.69140625	25265
100.19531250	2.00390625	trial	pun	25650	51	-1	0.2960382098119579	-1	-0€	100.69531250	25778
102.19921875	2.00390625	trial	pun	26163	52	-2	-0.7798384483834241	-2	-1€	102.69921875	26291
104.20312500	2.00390625	trial	pun	26676	53	-2	-0.4181069728710416	-2	-1€	104.70312500	26804
106.20703125	2.00390625	trial	pun	27189	54	-2	-0.3109432392104672	-2	-1€	106.70703125	27317
108.21093750	2.00390625	trial	pun	27702	55	-1	0.4200395857162674	-1	-0€	108.71093750	27830
110.21484375	2.00390625	trial	pun	28215	56	-1	0.7687536819900898	-1	-0€	110.71484375	28343
112.21875000	2.00390625	trial	rew	28728	57	1	-0.531197446004625	1	+0€	112.71875000	28856
114.22265625	2.00390625	trial	rew	29241	58	2	0.199489474572879	2	+1€	114.72265625	29369
116.22656250	2.00390625	trial	pun	29754	59	-1	0.8308148471528375	-1	-0€	116.72656250	29882
118.23046875	2.00390625	trial	pun	30267	60	-1	0.5717167508390242	-1	-0€	118.73046875	30395
120.23437500	2.00390625	trial	pun	30780	61	-2	-0.5748182404228869	-2	-1€	120.73437500	30908
122.23828125	2.00390625	trial	rew	31293	62	1	-0.851641069303053	1	+0€	122.73828125	31421
124.24218750	2.00390625	trial	rew	31806	63	2	0.6049521647849914	2	+1€	124.74218750	31934
126.24609375	2.00390625	trial	pun	32319	64	-2	-0.4274883157461279	-2	-1€	126.74609375	32447
128.25000000	2.00390625	trial	pun	32832	65	-2	-0.3179200784669201	-2	-1€	128.75000000	32960
130.25390625	2.00390625	trial	rew	33345	66	1	-0.5501012949055797	1	+0€	130.75390625	33473
132.25781250	2.00390625	trial	pun	33858	67	-1	0.1906137098199941	-1	-0€	132.75781250	33986
134.26171875	2.00390625	trial	pun	34371	68	-2	-0.3821287935383652	-2	-1€	134.76171875	34499
136.26562500	2.00390625	trial	rew	34884	69	1	-0.6333595226010122	1	+0€	136.76562500	35012
138.26953125	2.00390625	trial	rew	35397	70	2	0.5289749410539094	2	+1€	138.76953125	35525
140.27343750	2.00390625	trial	pun	35910	71	-2	-0.2364349446978496	-2	-1€	140.77343750	36038
142.27734375	2.00390625	trial	rew	36423	72	1	0	1	+0€	142.77734375	36551
144.28125000	2.00390625	trial	pun	36936	73	-1	0.3123805099024813	-1	-0€	144.78125000	37064
146.28515625	2.00390625	trial	pun	37449	74	-1	0.2323152061978501	-1	-0€	146.78515625	37577
148.28906250	2.00390625	trial	rew	37962	75	2	0.5908935042215353	2	+1€	148.78906250	38090
150.29296875	2.00390625	trial	pun	38475	76	-2	-0.2841865182072802	-2	-1€	150.79296875	38603
152.29687500	2.00390625	trial	rew	38988	77	2	0.4394433772998518	2	+1€	152.79687500	39116
154.30078125	2.00390625	trial	rew	39501	78	2	0.3268109743516486	2	+1€	154.80078125	39629
156.30468750	2.00390625	trial	pun	40014	79	-1	0.8241649808849937	-1	-0€	156.80468750	40142
158.30859375	2.00390625	trial	pun	40527	80	-1	0.1727711983298768	-1	-0€	158.80859375	40655
160.31250000	2.00390625	trial	pun	41040	81	-1	0.1284887350289076	-1	-0€	160.81250000	41168
162.31640625	2.00390625	trial	rew	41553	82	2	0.2430470419486964	2	+1€	162.81640625	41681
164.32031250	2.00390625	trial	rew	42066	83	2	0.3933949737862902	2	+1€	164.82031250	42194
166.32421875	2.00390625	trial	pun	42579	84	-1	0.1417580863633047	-1	-0€	166.82421875	42707
168.32812500	2.00390625	trial	rew	43092	85	2	0.1807523897176417	2	+1€	168.82812500	43220
170.33203125	2.00390625	trial	rew	43605	86	1	-0.7074349021298082	1	+0€	170.83203125	43733
172.33593750	2.00390625	trial	pun	44118	87	-1	0.09555617596520383	-1	-0€	172.83593750	44246
174.33984375	2.00390625	trial	pun	44631	88	-1	0.07106446151126551	-1	-0€	174.83984375	44759
176.34375000	2.00390625	trial	rew	45144	89	2	0.4738855980126663	2	+1€	176.84375000	45272
178.34765625	2.00390625	trial	rew	45657	90	2	0.134424291391025	2	+1€	178.84765625	45785
180.35156250	2.00390625	trial	rew	46170	91	2	0.09997040782811595	2	+1€	180.85156250	46298
182.35546875	2.00390625	trial	rew	46683	92	2	0.3524254136433549	2	+1€	182.85546875	46811
184.35937500	2.00390625	trial	rew	47196	93	2	0.2620963217758941	2	+1€	184.85937500	47324
186.36328125	2.00390625	trial	pun	47709	94	-2	-0.3870742526954827	-2	-1€	186.86328125	47837
188.36718750	2.00390625	trial	rew	48222	95	1	-0.9256527050438512	1	+0€	188.86718750	48350
190.37109375	2.00390625	trial	pun	48735	96	-2	-0.9471498556856741	-2	-1€	190.87109375	48863
192.37500000	2.00390625	trial	rew	49248	97	1	0	1	+0€	192.87500000	49376
194.37890625	2.00390625	trial	pun	49761	98	-1	0	-1	-0€	194.87890625	49889
196.38281250	2.00390625	trial	rew	50274	99	1	0	1	+0€	196.88281250	50402
198.38671875	2.00390625	trial	pun	50787	100	-2	-1	-2	-1€	198.88671875	50915
200.39062500	2.00390625	trial	rew	51300	101	2	1	2	+1€	200.89062500	51428
202.39453125	2.00390625	trial	rew	51813	102	2	1	2	+1€	202.89453125	51941
204.39843750	2.00390625	trial	rew	52326	103	1	-0.2563069755204186	1	+0€	204.89843750	52454
206.40234375	2.00390625	trial	pun	52839	104	-2	-1	-2	-1€	206.90234375	52967
208.40625000	2.00390625	trial	rew	53352	105	1	-0.1906137098199941	1	+0€	208.90625000	53480
210.41015625	2.00390625	trial	pun	53865	106	-2	-0.7436930244795814	-2	-1€	210.91015625	53993
212.41406250	2.00390625	trial	pun	54378	107	-2	-1	-2	-1€	212.91406250	54506
214.41796875	2.00390625	trial	pun	54891	108	-1	0.4469206853404128	-1	-0€	214.91796875	55019
216.42187500	2.00390625	trial	pun	55404	109	-1	0	-1	-0€	216.92187500	55532
218.42578125	2.00390625	trial	rew	55917	110	1	0	1	+0€	218.92578125	56045
220.42968750	2.00390625	trial	rew	56430	111	2	0.7436930244795814	2	+1€	220.92968750	56558
222.43359375	2.00390625	trial	pun	56943	112	-1	0.3323717961832989	-1	-0€	222.93359375	57071
224.43750000	2.00390625	trial	rew	57456	113	2	1	2	+1€	224.93750000	57584
226.44140625	2.00390625	trial	pun	57969	114	-1	0	-1	-0€	226.94140625	58097
228.44531250	2.00390625	trial	rew	58482	115	2	0.5530793146595872	2	+1€	228.94531250	58610
230.44921875	2.00390625	trial	rew	58995	116	2	1	2	+1€	230.94921875	59123
232.45312500	2.00390625	trial	rew	59508	117	2	0.4113212282962824	2	+1€	232.95312500	59636
234.45703125	2.00390625	trial	pun	60021	118	-2	-0.7528174136447314	-2	-1€	234.95703125	60149
236.46093750	2.00390625	trial	pun	60534	119	-1	0	-1	-0€	236.96093750	60662
238.46484375	2.00390625	trial	rew	61047	120	1	-0.6941032716956814	1	+0€	238.96484375	61175
240.46875000	2.00390625	trial	pun	61560	121	-1	0	-1	-0€	240.96875000	61688
242.47265625	2.00390625	trial	pun	62073	122	-1	0	-1	-0€	242.97265625	62201
244.47656250	2.00390625	trial	pun	62586	123	-2	-1	-2	-1€	244.97656250	62714
246.48046875	2.00390625	trial	rew	63099	124	1	-0.2563069755204186	1	+0€	246.98046875	63227
248.48437500	2.00390625	trial	pun	63612	125	-2	-0.7436930244795814	-2	-1€	248.98437500	63740
250.48828125	2.00390625	trial	pun	64125	126	-1	0.2563069755204186	-1	-0€	250.98828125	64253
252.49218750	2.00390625	trial	rew	64638	127	1	-0.1906137098199941	1	+0€	252.99218750	64766
254.49609375	2.00390625	trial	rew	65151	128	1	-0.1417580863633047	1	+0€	254.99609375	65279
256.50000000	2.00390625	trial	rew	65664	129	1	-0.1054244999919638	1	+0€	257.00000000	65792
258.50390625	2.00390625	trial	rew	66177	130	2	0.8582419136366952	2	+1€	259.00390625	66305
260.50781250	2.00390625	trial	pun	66690	131	-2	-0.5598650592343464	-2	-1€	261.00781250	66818
262.51171875	2.00390625	trial	rew	67203	132	1	-0.07840346525327116	1	+0€	263.01171875	67331
264.51562500	2.00390625	trial	pun	67716	133	-1	0.2563069755204186	-1	-0€	265.01562500	67844
266.51953125	2.00390625	trial	pun	68229	134	-1	0.1906137098199941	-1	-0€	267.01953125	68357
268.52343750	2.00390625	trial	rew	68742	135	1	-0.058308110203885	1	+0€	269.02343750	68870
270.52734375	2.00390625	trial	pun	69255	136	-2	-0.8582419136366952	-2	-1€	271.02734375	69383
272.53125000	2.00390625	trial	rew	69768	137	1	-0.04336333482921597	1	+0€	273.03125000	69896
274.53515625	2.00390625	trial	pun	70281	138	-2	-0.416367739202431	-2	-1€	275.03515625	70409
276.53906250	2.00390625	trial	rew	70794	139	1	-0.3617314755123824	1	+0€	277.03906250	70922
278.54296875	2.00390625	trial	pun	71307	140	-1	0.3617314755123824	-1	-0€	279.04296875	71435
280.54687500	2.00390625	trial	rew	71820	141	1	-0.2690171750732653	1	+0€	281.04687500	71948
282.55078125	2.00390625	trial	pun	72333	142	-1	0.2690171750732653	-1	-0€	283.05078125	72461
284.55468750	2.00390625	trial	rew	72846	143	2	0.4838002385714661	2	+1€	285.05468750	72974
286.55859375	2.00390625	trial	rew	73359	144	1	-0.6402011373328433	1	+0€	287.05859375	73487
288.56250000	2.00390625	trial	pun	73872	145	-1	0.2000661965671897	-1	-0€	289.06250000	74000
290.56640625	2.00390625	trial	rew	74385	146	1	-0.03224900963066039	1	+0€	291.06640625	74513
292.57031250	2.00390625	trial	pun	74898	147	-1	0.1906137098199941	-1	-0€	293.07031250	75026
294.57421875	2.00390625	trial	pun	75411	148	-1	0.1417580863633047	-1	-0€	295.07421875	75539
296.57812500	2.00390625	trial	rew	75924	149	2	0.7436930244795814	2	+1€	297.07812500	76052
298.58203125	2.00390625	trial	rew	76437	150	2	0.5530793146595872	2	+1€	299.08203125	76565
300.58593750	2.00390625	trial	pun	76950	151	-2	-0.8512121651788203	-2	-1€	301.08593750	77078
302.58984375	2.00390625	trial	rew	77463	152	2	0.4113212282962824	2	+1€	303.08984375	77591
304.59375000	2.00390625	trial	pun	77976	153	-2	-0.3096497832631815	-2	-1€	305.09375000	78104
306.59765625	2.00390625	trial	pun	78489	154	-1	0.7697156161555577	-1	-0€	307.09765625	78617
308.60156250	2.00390625	trial	pun	79002	155	-1	0.1054244999919638	-1	-0€	309.10156250	79130
310.60546875	2.00390625	trial	rew	79515	156	2	0.3058967283043186	2	+1€	311.10546875	79643
312.60937500	2.00390625	trial	rew	80028	157	2	0.2274932630510474	2	+1€	313.10937500	80156
314.61328125	2.00390625	trial	rew	80541	158	2	0.1691851528471625	2	+1€	315.11328125	80669
316.61718750	2.00390625	trial	rew	81054	159	1	-0.4761131200983301	1	+0€	317.11718750	81182
318.62109375	2.00390625	trial	pun	81567	160	-1	0.3669594504043502	-1	-0€	319.12109375	81695
320.62500000	2.00390625	trial	pun	82080	161	-2	-0.9215965347467289	-2	-1€	321.12500000	82208
322.62890625	2.00390625	trial	rew	82593	162	2	0.6459179937196627	2	+1€	323.12890625	82721
324.63281250	2.00390625	trial	pun	83106	163	-1	0.5724321345678912	-1	-0€	325.13281250	83234
326.63671875	2.00390625	trial	rew	83619	164	2	0.1258218180179466	2	+1€	327.13671875	83747
328.64062500	2.00390625	trial	pun	84132	165	-1	0.2729051835325761	-1	-0€	329.14062500	84260
330.64453125	2.00390625	trial	pun	84645	166	-1	0.2029576813374968	-1	-0€	331.14453125	84773
332.64843750	2.00390625	trial	rew	85158	167	1	-0.9064271916127138	1	+0€	333.14843750	85286
334.65234375	2.00390625	trial	pun	85671	168	-2	-0.5742862145339023	-2	-1€	335.15234375	85799
336.65625000	2.00390625	trial	rew	86184	169	2	0.4803647063151593	2	+1€	337.15625000	86312
338.66015625	2.00390625	trial	rew	86697	170	2	0.3572438812927666	2	+1€	339.16015625	86825
340.66406250	2.00390625	trial	rew	87210	171	2	0.2656797825554421	2	+1€	341.16406250	87338
342.66796875	2.00390625	trial	rew	87723	172	2	0.1975842010317342	2	+1€	343.16796875	87851
344.67187500	2.00390625	trial	pun	88236	173	-2	-0.849061788124754	-2	-1€	345.17187500	88364
346.67578125	2.00390625	trial	pun	88749	174	-1	0.3146150857243036	-1	-0€	347.17578125	88877
348.67968750	2.00390625	trial	rew	89262	175	2	0.1469419920546721	2	+1€	349.17968750	89390
350.68359375	2.00390625	trial	rew	89775	176	2	0.1092797344941937	2	+1€	351.18359375	89903
352.68750000	2.00390625	trial	rew	90288	177	2	0.3258964203990079	2	+1€	353.18750000	90416
354.69140625	2.00390625	trial	rew	90801	178	2	0.08127057626031253	2	+1€	355.19140625	90929
356.69531250	2.00390625	trial	pun	91314	179	-1	0.2339770446492101	-1	-0€	357.19531250	91442
358.69921875	2.00390625	trial	pun	91827	180	-1	0.1740070959939651	-1	-0€	359.19921875	91955
360.70312500	2.00390625	trial	pun	92340	181	-1	0.1294078635006608	-1	-0€	361.20312500	92468
362.70703125	2.00390625	trial	pun	92853	182	-2	-0.6314413291805397	-2	-1€	363.20703125	92981
364.71093750	2.00390625	trial	pun	93366	183	-1	0.5304014881203174	-1	-0€	365.21093750	93494
366.71484375	2.00390625	trial	pun	93879	184	-1	0.3944558868886696	-1	-0€	367.21484375	94007
368.71875000	2.00390625	trial	rew	94392	185	1	-0.9395596393397697	1	+0€	369.21875000	94520
370.72265625	2.00390625	trial	pun	94905	186	-2	-0.4270926518036475	-2	-1€	371.22265625	95033
372.72656250	2.00390625	trial	rew	95418	187	1	-0.7576331054463927	1	+0€	373.22656250	95546
374.73046875	2.00390625	trial	rew	95931	188	2	0.301256050140462	2	+1€	375.23046875	96059
376.73437500	2.00390625	trial	pun	96444	189	-1	0.09623972539824724	-1	-0€	377.23437500	96572
378.73828125	2.00390625	trial	pun	96957	190	-1	0.07157281245650687	-1	-0€	379.23828125	97085
380.74218750	2.00390625	trial	rew	97470	191	1	-0.5634464556352854	1	+0€	381.24218750	97598
382.74609375	2.00390625	trial	pun	97983	192	-1	0.2933540915440104	-1	-0€	383.24609375	98111
384.75000000	2.00390625	trial	pun	98496	193	-1	0	-1	-0€	385.25000000	98624
386.75390625	2.00390625	trial	pun	99009	194	-1	0	-1	-0€	387.25390625	99137
388.75781250	2.00390625	trial	pun	99522	195	-2	-1	-2	-1€	389.25781250	99650
390.76171875	2.00390625	trial	rew	100035	196	1	0	1	+0€	391.26171875	100163
392.76562500	2.00390625	trial	pun	100548	197	-2	-1	-2	-1€	393.26562500	100676
394.76953125	2.00390625	trial	rew	101061	198	1	0	1	+0€	395.26953125	101189
396.77343750	2.00390625	trial	pun	101574	199	-1	0	-1	-0€	397.27343750	101702
398.77734375	2.00390625	trial	pun	102087	200	-1	0	-1	-0€	399.27734375	102215
400.78125000	2.00390625	trial	rew	102600	201	1	0	1	+0€	401.28125000	102728
402.78515625	2.00390625	trial	pun	103113	202	-1	0	-1	-0€	403.28515625	103241
404.78906250	2.00390625	trial	rew	103626	203	2	1	2	+1€	405.28906250	103754
406.79296875	2.00390625	trial	rew	104139	204	2	0.7436930244795814	2	+1€	407.29296875	104267
408.79687500	2.00390625	trial	pun	104652	205	-1	0	-1	-0€	409.29687500	104780
410.80078125	2.00390625	trial	pun	105165	206	-2	-1	-2	-1€	411.30078125	105293
412.80468750	2.00390625	trial	pun	105678	207	-1	0.2563069755204186	-1	-0€	413.30468750	105806
414.80859375	2.00390625	trial	pun	106191	208	-2	-0.8093862901800059	-2	-1€	415.30859375	106319
416.81250000	2.00390625	trial	pun	106704	209	-1	0.3980650618837234	-1	-0€	417.31250000	106832
418.81640625	2.00390625	trial	pun	107217	210	-2	-0.7436930244795814	-2	-1€	419.31640625	107345
420.82031250	2.00390625	trial	pun	107730	211	-2	-0.7039617901880421	-2	-1€	421.32031250	107858
422.82421875	2.00390625	trial	pun	108243	212	-1	0	-1	-0€	423.32421875	108371
424.82812500	2.00390625	trial	pun	108756	213	-1	0.4764685271369945	-1	-0€	425.32812500	108884
426.83203125	2.00390625	trial	rew	109269	214	2	1	2	+1€	427.33203125	109397
428.83593750	2.00390625	trial	pun	109782	215	-1	0.3543463200158429	-1	-0€	429.33593750	109910
430.83984375	2.00390625	trial	rew	110295	216	1	0	1	+0€	431.33984375	110423
432.84375000	2.00390625	trial	rew	110808	217	1	0	1	+0€	433.34375000	110936
434.84765625	2.00390625	trial	pun	111321	218	-1	0	-1	-0€	435.34765625	111449
436.85156250	2.00390625	trial	pun	111834	219	-1	0	-1	-0€	437.35156250	111962
438.85546875	2.00390625	trial	pun	112347	220	-1	0	-1	-0€	439.35546875	112475
440.85937500	2.00390625	trial	rew	112860	221	1	-0.2563069755204186	1	+0€	441.35937500	112988
442.86328125	2.00390625	trial	rew	113373	222	1	0	1	+0€	443.36328125	113501
444.86718750	2.00390625	trial	rew	113886	223	2	1	2	+1€	445.36718750	114014
446.87109375	2.00390625	trial	rew	114399	224	1	-0.2563069755204186	1	+0€	447.37109375	114527
448.87500000	2.00390625	trial	rew	114912	225	2	0.5530793146595872	2	+1€	449.37500000	115040
450.87890625	2.00390625	trial	rew	115425	226	2	0.4113212282962824	2	+1€	451.37890625	115553
452.88281250	2.00390625	trial	rew	115938	227	1	-0.6941032716956814	1	+0€	453.38281250	116066
454.88671875	2.00390625	trial	pun	116451	228	-1	0.2635248864457919	-1	-0€	455.38671875	116579
456.89062500	2.00390625	trial	pun	116964	229	-1	0.1959816198265092	-1	-0€	457.39062500	117092
458.89453125	2.00390625	trial	rew	117477	230	1	-0.1906137098199941	1	+0€	459.39453125	117605
460.89843750	2.00390625	trial	pun	117990	231	-1	0.1457501635911841	-1	-0€	461.39843750	118118
462.90234375	2.00390625	trial	pun	118503	232	-1	0.1083933799795214	-1	-0€	463.40234375	118631
464.90625000	2.00390625	trial	rew	119016	233	2	1	2	+1€	465.40625000	119144
466.91015625	2.00390625	trial	pun	119529	234	-2	-1	-2	-1€	467.41015625	119657
468.91406250	2.00390625	trial	pun	120042	235	-2	-0.5530793146595872	-2	-1€	469.41406250	120170
470.91796875	2.00390625	trial	rew	120555	236	2	0.4838002385714661	2	+1€	471.41796875	120683
472.92187500	2.00390625	trial	rew	121068	237	2	0.3597988626671567	2	+1€	473.42187500	121196
474.92578125	2.00390625	trial	pun	121581	238	-2	-0.4113212282962824	-2	-1€	475.42578125	121709
476.92968750	2.00390625	trial	pun	122094	239	-2	-0.7436930244795814	-2	-1€	477.42968750	122222
478.93359375	2.00390625	trial	pun	122607	240	-1	0.08061140059053482	-1	-0€	479.43359375	122735
480.93750000	2.00390625	trial	rew	123120	241	2	0.7436930244795814	2	+1€	481.43750000	123248
482.94140625	2.00390625	trial	rew	123633	242	2	0.2675799043812512	2	+1€	483.44140625	123761
484.94531250	2.00390625	trial	rew	124146	243	2	0.1989973083792499	2	+1€	485.44531250	124274
486.94921875	2.00390625	trial	pun	124659	244	-2	-0.94004986368729	-2	-1€	487.44921875	124787
488.95312500	2.00390625	trial	rew	125172	245	1	-0.4469206853404128	1	+0€	489.45312500	125300
490.95703125	2.00390625	trial	pun	125685	246	-1	0.4469206853404128	-1	-0€	491.45703125	125813
492.96093750	2.00390625	trial	pun	126198	247	-2	-0.699108526287219	-2	-1€	493.46093750	126326
494.96484375	2.00390625	trial	rew	126711	248	1	-0.8520070898681397	1	+0€	495.46484375	126839
496.96875000	2.00390625	trial	rew	127224	249	1	-0.6336317295420832	1	+0€	497.46875000	127352
498.97265625	2.00390625	trial	pun	127737	250	-2	-0.6676282038167011	-2	-1€	499.47265625	127865
500.97656250	2.00390625	trial	rew	128250	251	2	0.52877250265062	2	+1€	501.47656250	128378
502.98046875	2.00390625	trial	rew	128763	252	2	0.6676282038167011	2	+1€	503.48046875	128891
504.98437500	2.00390625	trial	rew	129276	253	2	0.393244421757877	2	+1€	505.48437500	129404
506.98828125	2.00390625	trial	rew	129789	254	2	0.2924531333768396	2	+1€	507.48828125	129917
508.99218750	2.00390625	trial	pun	130302	255	-1	0.5034895618756872	-1	-0€	509.49218750	130430
510.99609375	2.00390625	trial	rew	130815	256	2	0.4965104381243128	2	+1€	511.49609375	130943
513.00000000	2.00390625	trial	rew	131328	257	2	0.2174953552795522	2	+1€	513.50000000	131456
515.00390625	2.00390625	trial	pun	131841	258	-1	0.4800778656459953	-1	-0€	515.50390625	131969
517.00781250	2.00390625	trial	pun	132354	259	-1	0.3744416750652291	-1	-0€	517.50781250	132482
519.01171875	2.00390625	trial	rew	132867	260	2	0.3692513494143522	2	+1€	519.51171875	132995
521.01562500	2.00390625	trial	pun	133380	261	-1	0.2784696618204608	-1	-0€	521.51562500	133508
523.01953125	2.00390625	trial	rew	133893	262	1	-0.7253903471608737	1	+0€	523.51953125	134021
525.02343750	2.00390625	trial	rew	134406	263	2	0.1617497785781112	2	+1€	525.52343750	134534
527.02734375	2.00390625	trial	rew	134919	264	2	0.4605322587916363	2	+1€	527.52734375	135047
529.03125000	2.00390625	trial	rew	135432	265	1	-0.8797078179603418	1	+0€	529.53125000	135560
531.03515625	2.00390625	trial	pun	135945	266	-1	0.2563069755204186	-1	-0€	531.53515625	136073
533.03906250	2.00390625	trial	pun	136458	267	-1	0.2070959450250647	-1	-0€	533.53906250	136586
535.04296875	2.00390625	trial	rew	136971	268	2	0.8093862901800059	2	+1€	535.54296875	137099
537.04687500	2.00390625	trial	rew	137484	269	2	0.3424946284111653	2	+1€	537.54687500	137612
539.05078125	2.00390625	trial	pun	137997	270	-2	-0.8459841902868526	-2	-1€	539.55078125	138125
541.05468750	2.00390625	trial	rew	138510	271	1	-0.7452891339288901	1	+0€	541.55468750	138638
543.05859375	2.00390625	trial	rew	139023	272	2	0.445733669876656	2	+1€	543.55859375	139151
545.06250000	2.00390625	trial	rew	139536	273	1	-0.6685109789370465	1	+0€	545.56250000	139664
547.06640625	2.00390625	trial	pun	140049	274	-2	-0.6429694401120276	-2	-1€	547.56640625	140177
549.07031250	2.00390625	trial	rew	140562	275	2	0.5028330481765022	2	+1€	549.57031250	140690
551.07421875	2.00390625	trial	pun	141075	276	-2	-0.8093862901800059	-2	-1€	551.57421875	141203
553.07812500	2.00390625	trial	pun	141588	277	-1	0.370847458863661	-1	-0€	553.57812500	141716
555.08203125	2.00390625	trial	rew	142101	278	2	0.3457674322027404	2	+1€	555.58203125	142229
557.08593750	2.00390625	trial	rew	142614	279	2	0.2571448274213947	2	+1€	557.58593750	142742
559.08984375	2.00390625	trial	pun	143127	280	-1	0.2757966683028832	-1	-0€	559.58984375	143255
561.09375000	2.00390625	trial	rew	143640	281	2	0.191236814434297	2	+1€	561.59375000	143768
563.09765625	2.00390625	trial	rew	144153	282	2	0.1422214849184827	2	+1€	563.59765625	144281
565.10156250	2.00390625	trial	pun	144666	283	-1	0.5218281124351432	-1	-0€	565.60156250	144794
567.10546875	2.00390625	trial	rew	145179	284	2	0.37395343040667	2	+1€	567.60546875	145307
569.10937500	2.00390625	trial	pun	145692	285	-1	0.2051080583915631	-1	-0€	569.60937500	145820
571.11328125	2.00390625	trial	pun	146205	286	-2	-0.8474625677096439	-2	-1€	571.61328125	146333
573.11718750	2.00390625	trial	pun	146718	287	-1	0.369747999886783	-1	-0€	573.61718750	146846
575.12109375	2.00390625	trial	rew	147231	288	2	0.278106557673651	2	+1€	575.62109375	147359
577.12500000	2.00390625	trial	rew	147744	289	1	0	1	+0€	577.62500000	147872
579.12890625	2.00390625	trial	pun	148257	290	-1	0	-1	-0€	579.62890625	148385
581.13281250	2.00390625	trial	rew	148770	291	1	0	1	+0€	581.63281250	148898
583.13671875	2.00390625	trial	rew	149283	292	1	0	1	+0€	583.63671875	149411
585.14062500	2.00390625	trial	rew	149796	293	1	0	1	+0€	585.64062500	149924
587.14453125	2.00390625	trial	pun	150309	294	-2	-1	-2	-1€	587.64453125	150437
589.14843750	2.00390625	trial	rew	150822	295	1	0	1	+0€	589.64843750	150950
591.15234375	2.00390625	trial	pun	151335	296	-1	0	-1	-0€	591.65234375	151463
593.15625000	2.00390625	trial	rew	151848	297	2	1	2	+1€	593.65625000	151976
595.16015625	2.00390625	trial	pun	152361	298	-1	0	-1	-0€	595.66015625	152489
597.16406250	2.00390625	trial	rew	152874	299	1	0	1	+0€	597.66406250	153002
599.16796875	2.00390625	trial	pun	153387	300	-2	-1	-2	-1€	599.66796875	153515
601.17187500	2.00390625	trial	pun	153900	301	-2	-0.7436930244795814	-2	-1€	601.67187500	154028
603.17578125	2.00390625	trial	pun	154413	302	-1	0	-1	-0€	603.67578125	154541
605.17968750	2.00390625	trial	pun	154926	303	-1	0	-1	-0€	605.67968750	155054
607.18359375	2.00390625	trial	rew	155439	304	1	-0.2563069755204186	1	+0€	607.68359375	155567
609.18750000	2.00390625	trial	rew	155952	305	2	0.8093862901800059	2	+1€	609.68750000	156080
611.19140625	2.00390625	trial	pun	156465	306	-1	0	-1	-0€	611.69140625	156593
613.19531250	2.00390625	trial	pun	156978	307	-2	-1	-2	-1€	613.69531250	157106
615.19921875	2.00390625	trial	rew	157491	308	2	0.6019349381162766	2	+1€	615.69921875	157619
617.20312500	2.00390625	trial	rew	158004	309	2	0.4476548146676234	2	+1€	617.70312500	158132
619.20703125	2.00390625	trial	pun	158517	310	-2	-1	-2	-1€	619.70703125	158645
621.21093750	2.00390625	trial	rew	159030	311	2	0.3329177630430112	2	+1€	621.71093750	159158
623.21484375	2.00390625	trial	pun	159543	312	-2	-0.7436930244795814	-2	-1€	623.71484375	159671
625.21875000	2.00390625	trial	rew	160056	313	2	1	2	+1€	625.71875000	160184
627.22265625	2.00390625	trial	rew	160569	314	1	-0.7524113818995664	1	+0€	627.72265625	160697
629.22656250	2.00390625	trial	pun	161082	315	-1	0.4469206853404128	-1	-0€	629.72656250	161210
631.23046875	2.00390625	trial	pun	161595	316	-1	0.3323717961832989	-1	-0€	631.73046875	161723
633.23437500	2.00390625	trial	rew	162108	317	2	0.4404369037422502	2	+1€	633.73437500	162236
635.23828125	2.00390625	trial	pun	162621	318	-2	-0.7436930244795814	-2	-1€	635.73828125	162749
637.24218750	2.00390625	trial	pun	163134	319	-2	-0.7436930244795814	-2	-1€	637.74218750	163262
639.24609375	2.00390625	trial	pun	163647	320	-1	0.4469206853404128	-1	-0€	639.74609375	163775
641.25000000	2.00390625	trial	pun	164160	321	-2	-0.7528174136447314	-2	-1€	641.75000000	164288
643.25390625	2.00390625	trial	pun	164673	322	-1	0.3323717961832989	-1	-0€	643.75390625	164801
645.25781250	2.00390625	trial	rew	165186	323	2	0.7436930244795814	2	+1€	645.75781250	165314
647.26171875	2.00390625	trial	rew	165699	324	2	0.5530793146595872	2	+1€	647.76171875	165827
649.26562500	2.00390625	trial	pun	166212	325	-1	0.4401349407656536	-1	-0€	649.76562500	166340
651.26953125	2.00390625	trial	rew	166725	326	1	-0.5886787717037176	1	+0€	651.76953125	166853
653.27343750	2.00390625	trial	rew	167238	327	2	0.5622037038247373	2	+1€	653.77343750	167366
655.27734375	2.00390625	trial	pun	167751	328	-2	-0.5530793146595872	-2	-1€	655.77734375	167879
657.28125000	2.00390625	trial	rew	168264	329	2	0.3275498530364963	2	+1€	657.78125000	168392
659.28515625	2.00390625	trial	rew	168777	330	1	-0.7564034591274457	1	+0€	659.78515625	168905
661.28906250	2.00390625	trial	pun	169290	331	-1	0.2471825863552686	-1	-0€	661.78906250	169418
663.29296875	2.00390625	trial	rew	169803	332	2	0.4374680237546925	2	+1€	663.79296875	169931
665.29687500	2.00390625	trial	rew	170316	333	1	-0.6746580823007674	1	+0€	665.79687500	170444
667.30078125	2.00390625	trial	rew	170829	334	1	-0.501738509715852	1	+0€	667.80078125	170957
669.30468750	2.00390625	trial	pun	171342	335	-2	-0.6726747147228497	-2	-1€	669.80468750	171470
671.30859375	2.00390625	trial	pun	171855	336	-1	0.183827965245235	-1	-0€	671.80859375	171983
673.31250000	2.00390625	trial	rew	172368	337	2	0.4181069728710416	2	+1€	673.81250000	172496
675.31640625	2.00390625	trial	rew	172881	338	1	-0.6890567607895328	1	+0€	675.81640625	173009
677.32031250	2.00390625	trial	pun	173394	339	-1	0.1367115754571562	-1	-0€	677.82031250	173522
679.32421875	2.00390625	trial	pun	173907	340	-2	-0.5530793146595872	-2	-1€	679.82421875	174035
681.32812500	2.00390625	trial	rew	174420	341	2	0.4875532935303289	2	+1€	681.82812500	174548
683.33203125	2.00390625	trial	rew	174933	342	2	0.6268605702115402	2	+1€	683.83203125	175061
685.33593750	2.00390625	trial	pun	175446	343	-2	-0.898328554966899	-2	-1€	685.83593750	175574
687.33984375	2.00390625	trial	rew	175959	344	2	0.3625899834605515	2	+1€	687.83984375	176087
689.34375000	2.00390625	trial	rew	176472	345	1	-0.5338081666123847	1	+0€	689.84375000	176600
691.34765625	2.00390625	trial	rew	176985	346	2	0.6030105900801354	2	+1€	691.84765625	177113
693.35156250	2.00390625	trial	pun	177498	347	-2	-0.5002634930831756	-2	-1€	693.85156250	177626
695.35546875	2.00390625	trial	pun	178011	348	-1	0.6279575297922529	-1	-0€	695.85546875	178139
697.35937500	2.00390625	trial	rew	178524	349	2	0.2696556414457789	2	+1€	697.85937500	178652
699.36328125	2.00390625	trial	pun	179037	350	-1	0.4670076345759274	-1	-0€	699.86328125	179165
701.36718750	2.00390625	trial	rew	179550	351	1	-0.7994589804452071	1	+0€	701.86718750	179678
703.37109375	2.00390625	trial	rew	180063	352	2	0.4484547695299129	2	+1€	703.87109375	180191
705.37500000	2.00390625	trial	pun	180576	353	-2	-0.4113212282962824	-2	-1€	705.87500000	180704
707.37890625	2.00390625	trial	rew	181089	354	2	0.4054479328853414	2	+1€	707.87890625	181217
709.38281250	2.00390625	trial	rew	181602	355	2	0.3335126838939946	2	+1€	709.88281250	181730
711.38671875	2.00390625	trial	pun	182115	356	-1	0.331919319980295	-1	-0€	711.88671875	182243
713.39062500	2.00390625	trial	pun	182628	357	-1	0.2468460829593515	-1	-0€	713.89062500	182756
715.39453125	2.00390625	trial	rew	183141	358	2	0.2480310565874274	2	+1€	715.89453125	183269
717.39843750	2.00390625	trial	pun	183654	359	-1	0.1835777100169778	-1	-0€	717.89843750	183782
719.40234375	2.00390625	trial	pun	184167	360	-2	-0.8634745376104382	-2	-1€	719.90234375	184295
721.40625000	2.00390625	trial	pun	184680	361	-1	0.3473103202128266	-1	-0€	721.90625000	184808
723.41015625	2.00390625	trial	rew	185193	362	2	0.3015287994764939	2	+1€	723.91015625	185321
725.41406250	2.00390625	trial	rew	185706	363	2	0.224244864850371	2	+1€	725.91406250	185834
727.41796875	2.00390625	trial	pun	186219	364	-1	0.2582922624720489	-1	-0€	727.91796875	186347
729.42187500	2.00390625	trial	rew	186732	365	1	-0.8332306582354126	1	+0€	729.92187500	186860
731.42578125	2.00390625	trial	rew	187245	366	2	0.18445896663837	2	+1€	731.92578125	187373
733.42968750	2.00390625	trial	pun	187758	367	-1	0.3578400095633851	-1	-0€	733.92968750	187886
735.43359375	2.00390625	trial	pun	188271	368	-1	0.1920901538775119	-1	-0€	735.93359375	188399
737.43750000	2.00390625	trial	rew	188784	369	2	0.1371808467916676	2	+1€	737.93750000	188912
739.44140625	2.00390625	trial	pun	189297	370	-1	0.2661231189919962	-1	-0€	739.94140625	189425
741.44531250	2.00390625	trial	pun	189810	371	-2	-0.8020860927529028	-2	-1€	741.94531250	189938
743.44921875	2.00390625	trial	pun	190323	372	-1	0.4034941677875836	-1	-0€	743.94921875	190451
745.45312500	2.00390625	trial	pun	190836	373	-1	0.3000757980018197	-1	-0€	745.95312500	190964
747.45703125	2.00390625	trial	pun	191349	374	-1	0.2231642777890972	-1	-0€	747.95703125	191477
749.46093750	2.00390625	trial	rew	191862	375	2	0.3803321716877935	2	+1€	749.96093750	191990
751.46484375	2.00390625	trial	pun	192375	376	-1	0.1659657167047752	-1	-0€	751.96484375	192503
753.46875000	2.00390625	trial	rew	192888	377	2	0.1020204388511654	2	+1€	753.96875000	193016
755.47265625	2.00390625	trial	pun	193401	378	-2	-0.8765724541839044	-2	-1€	755.97265625	193529
757.47656250	2.00390625	trial	rew	193914	379	2	0.07587188872795736	2	+1€	757.97656250	194042
759.48046875	2.00390625	trial	rew	194427	380	1	-0.7171496169306174	1	+0€	759.98046875	194555
761.48437500	2.00390625	trial	rew	194940	381	2	0.4666608323804959	2	+1€	761.98437500	195068
763.48828125	2.00390625	trial	pun	195453	382	-2	-0.8571438924900849	-2	-1€	763.98828125	195581
765.49218750	2.00390625	trial	rew	195966	383	2	0.3470524058392099	2	+1€	765.99218750	196094
767.49609375	2.00390625	trial	pun	196479	384	-1	0.3625480661798476	-1	-0€	767.99609375	196607
769.50000000	2.00390625	trial	rew	196992	385	2	1	2	+1€	770.00000000	197120
771.50390625	2.00390625	trial	pun	197505	386	-1	0	-1	-0€	772.00390625	197633
773.50781250	2.00390625	trial	pun	198018	387	-1	0	-1	-0€	774.00781250	198146
775.51171875	2.00390625	trial	pun	198531	388	-1	0	-1	-0€	776.01171875	198659
777.51562500	2.00390625	trial	pun	199044	389	-1	0	-1	-0€	778.01562500	199172
779.51953125	2.00390625	trial	rew	199557	390	2	0.7436930244795814	2	+1€	780.01953125	199685
781.52343750	2.00390625	trial	rew	200070	391	1	-0.4469206853404128	1	+0€	782.02343750	200198
783.52734375	2.00390625	trial	pun	200583	392	-1	0	-1	-0€	784.02734375	200711
785.53125000	2.00390625	trial	rew	201096	393	2	0.6676282038167011	2	+1€	786.03125000	201224
787.53515625	2.00390625	trial	rew	201609	394	2	0.4965104381243128	2	+1€	788.03515625	201737
789.53906250	2.00390625	trial	pun	202122	395	-1	0	-1	-0€	790.03906250	202250
791.54296875	2.00390625	trial	rew	202635	396	1	0	1	+0€	792.04296875	202763
793.54687500	2.00390625	trial	pun	203148	397	-1	0	-1	-0€	794.04687500	203276
795.55078125	2.00390625	trial	rew	203661	398	2	1	2	+1€	796.05078125	203789
797.55468750	2.00390625	trial	rew	204174	399	1	0	1	+0€	798.05468750	204302
799.55859375	2.00390625	trial	rew	204687	400	2	1	2	+1€	800.05859375	204815
801.56250000	2.00390625	trial	pun	205200	401	-2	-1	-2	-1€	802.06250000	205328
803.56640625	2.00390625	trial	rew	205713	402	2	0.3692513494143522	2	+1€	804.06640625	205841
805.57031250	2.00390625	trial	rew	206226	403	2	0.2746096528391263	2	+1€	806.07031250	206354
807.57421875	2.00390625	trial	rew	206739	404	1	-0.7957747167287823	1	+0€	808.07421875	206867
809.57812500	2.00390625	trial	pun	207252	405	-2	-1	-2	-1€	810.07812500	207380
811.58203125	2.00390625	trial	pun	207765	406	-1	0.2563069755204186	-1	-0€	812.08203125	207893
813.58593750	2.00390625	trial	rew	208278	407	2	0.7436930244795814	2	+1€	814.08593750	208406
815.58984375	2.00390625	trial	pun	208791	408	-1	0.2563069755204186	-1	-0€	816.08984375	208919
817.59375000	2.00390625	trial	pun	209304	409	-1	0.1906137098199941	-1	-0€	818.09375000	209432
819.59765625	2.00390625	trial	rew	209817	410	2	1	2	+1€	820.09765625	209945
821.60156250	2.00390625	trial	rew	210330	411	2	0.4081878941115897	2	+1€	822.10156250	210458
823.60546875	2.00390625	trial	pun	210843	412	-1	0.1906137098199941	-1	-0€	824.10546875	210971
825.60937500	2.00390625	trial	pun	211356	413	-1	0.1417580863633047	-1	-0€	826.10937500	211484
827.61328125	2.00390625	trial	pun	211869	414	-1	0	-1	-0€	828.11328125	211997
829.61718750	2.00390625	trial	rew	212382	415	1	-0.2563069755204186	1	+0€	830.11718750	212510
831.62109375	2.00390625	trial	rew	212895	416	1	-0.1906137098199941	1	+0€	832.12109375	213023
833.62500000	2.00390625	trial	pun	213408	417	-1	0	-1	-0€	834.12500000	213536
835.62890625	2.00390625	trial	pun	213921	418	-1	0	-1	-0€	836.12890625	214049
837.63281250	2.00390625	trial	rew	214434	419	1	-0.1417580863633047	1	+0€	838.13281250	214562
839.63671875	2.00390625	trial	rew	214947	420	1	-0.1054244999919638	1	+0€	840.13671875	215075
841.64062500	2.00390625	trial	rew	215460	421	1	-0.4469206853404128	1	+0€	842.14062500	215588
843.64453125	2.00390625	trial	pun	215973	422	-2	-0.8945755000080362	-2	-1€	844.14453125	216101
845.64843750	2.00390625	trial	rew	216486	423	2	0.3035664895277993	2	+1€	846.14843750	216614
847.65234375	2.00390625	trial	pun	216999	424	-2	-1	-2	-1€	848.15234375	217127
849.65625000	2.00390625	trial	rew	217512	425	2	0.2257602807275783	2	+1€	850.15625000	217640
851.66015625	2.00390625	trial	pun	218025	426	-1	0.2563069755204186	-1	-0€	852.16015625	218153
853.66406250	2.00390625	trial	rew	218538	427	2	0.6676282038167011	2	+1€	854.16406250	218666
855.66796875	2.00390625	trial	pun	219051	428	-2	-0.6652895592263102	-2	-1€	856.16796875	219179
857.67187500	2.00390625	trial	pun	219564	429	-1	0.1906137098199941	-1	-0€	858.17187500	219692
859.67578125	2.00390625	trial	rew	220077	430	2	0.9215965347467289	2	+1€	860.17578125	220205
861.67968750	2.00390625	trial	rew	220590	431	2	0.167896345981652	2	+1€	862.17968750	220718
863.68359375	2.00390625	trial	rew	221103	432	1	-0.3146150857243036	1	+0€	864.18359375	221231
865.68750000	2.00390625	trial	pun	221616	433	-1	0.1417580863633047	-1	-0€	866.18750000	221744
867.69140625	2.00390625	trial	rew	222129	434	2	0.4965104381243128	2	+1€	868.19140625	222257
869.69531250	2.00390625	trial	pun	222642	435	-1	0.5052287955442978	-1	-0€	870.19531250	222770
871.69921875	2.00390625	trial	pun	223155	436	-1	0.3757351310125149	-1	-0€	872.19921875	223283
873.70312500	2.00390625	trial	rew	223668	437	1	-0.2339770446492101	1	+0€	874.20312500	223796
875.70703125	2.00390625	trial	rew	224181	438	2	0.3692513494143522	2	+1€	876.20703125	224309
877.71093750	2.00390625	trial	rew	224694	439	1	-0.875136658657835	1	+0€	878.21093750	224822
879.71484375	2.00390625	trial	pun	225207	440	-2	-0.8945755000080362	-2	-1€	880.21484375	225335
881.71875000	2.00390625	trial	pun	225720	441	-2	-0.7205684040140711	-2	-1€	882.21875000	225848
883.72265625	2.00390625	trial	rew	226233	442	2	0.2746096528391263	2	+1€	884.22265625	226361
885.72656250	2.00390625	trial	rew	226746	443	2	0.2042252832712177	2	+1€	886.22656250	226874
887.73046875	2.00390625	trial	rew	227259	444	2	0.3491669714897997	2	+1€	888.23046875	227387
889.73437500	2.00390625	trial	pun	227772	445	-1	0.3347104407736898	-1	-0€	890.23437500	227900
891.73828125	2.00390625	trial	pun	228285	446	-2	-0.5358816957256494	-2	-1€	892.23828125	228413
893.74218750	2.00390625	trial	pun	228798	447	-2	-0.7510781799761208	-2	-1€	894.24218750	228926
895.74609375	2.00390625	trial	pun	229311	448	-1	0.4414283967129394	-1	-0€	896.24609375	229439
897.75000000	2.00390625	trial	rew	229824	449	1	-0.8481190814088289	1	+0€	898.25000000	229952
899.75390625	2.00390625	trial	rew	230337	450	2	0.2596730410756249	2	+1€	900.25390625	230465
901.75781250	2.00390625	trial	pun	230850	451	-1	0.601468520942545	-1	-0€	902.25781250	230978
903.76171875	2.00390625	trial	pun	231363	452	-2	-0.5526920565309783	-2	-1€	904.26171875	231491
905.76562500	2.00390625	trial	rew	231876	453	1	-0.8068829707066579	1	+0€	906.26562500	232004
907.76953125	2.00390625	trial	pun	232389	454	-1	0.3282872194426184	-1	-0€	908.26953125	232517
909.77343750	2.00390625	trial	pun	232902	455	-2	-0.7558550848747271	-2	-1€	910.27343750	233030
911.77734375	2.00390625	trial	pun	233415	456	-1	0.588966772872637	-1	-0€	912.27734375	233543
913.78125000	2.00390625	trial	pun	233928	457	-1	0.4380104806356301	-1	-0€	914.28125000	234056
915.78515625	2.00390625	trial	rew	234441	458	2	0.3692597552282237	2	+1€	916.28515625	234569
917.78906250	2.00390625	trial	rew	234954	459	2	0.2746159041842676	2	+1€	918.28906250	235082
919.79296875	2.00390625	trial	rew	235467	460	2	0.3999267631140961	2	+1€	920.29296875	235595
921.79687500	2.00390625	trial	rew	235980	461	1	-0.7957700676470071	1	+0€	922.29687500	236108
923.80078125	2.00390625	trial	pun	236493	462	-1	0.4378758458612436	-1	-0€	924.30078125	236621
925.80468750	2.00390625	trial	pun	237006	463	-1	0.3256452121551032	-1	-0€	926.30468750	237134
927.80859375	2.00390625	trial	rew	237519	464	2	0.2974227440306513	2	+1€	928.30859375	237647
929.81250000	2.00390625	trial	rew	238032	465	2	0.2211912200571714	2	+1€	930.31250000	238160
931.81640625	2.00390625	trial	rew	238545	466	2	0.4081913516012763	2	+1€	932.31640625	238673
933.82031250	2.00390625	trial	rew	239058	467	2	0.1644983674326465	2	+1€	934.32031250	239186
935.82421875	2.00390625	trial	pun	239571	468	-1	0.3257453390976668	-1	-0€	936.32421875	239699
937.82812500	2.00390625	trial	pun	240084	469	-1	0.2422545364436707	-1	-0€	938.32812500	240212
939.83203125	2.00390625	trial	pun	240597	470	-1	0.2421800727349236	-1	-0€	940.33203125	240725
941.83593750	2.00390625	trial	rew	241110	471	1	-0.6964309391612387	1	+0€	942.33593750	241238
943.83984375	2.00390625	trial	pun	241623	472	-1	0.1801630089016924	-1	-0€	944.33984375	241751
945.84375000	2.00390625	trial	pun	242136	473	-1	0.1339859729894414	-1	-0€	946.34375000	242264
947.84765625	2.00390625	trial	pun	242649	474	-1	0.1801076307609204	-1	-0€	948.34765625	242777
949.85156250	2.00390625	trial	rew	243162	475	1	-0.8776637116020617	1	+0€	950.35156250	243290
951.85546875	2.00390625	trial	rew	243675	476	1	-0.2563069755204186	1	+0€	952.35546875	243803
953.85937500	2.00390625	trial	pun	244188	477	-1	0.09964443349035715	-1	-0€	954.35937500	244316
955.86328125	2.00390625	trial	rew	244701	478	2	0.3472876198426877	2	+1€	956.36328125	244829
957.86718750	2.00390625	trial	pun	245214	479	-1	0.1339447886524406	-1	-0€	958.36718750	245342
959.87109375	2.00390625	trial	pun	245727	480	-1	0.0741048701149982	-1	-0€	960.37109375	245855
961.87500000	2.00390625	trial	rew	246240	481	2	1	2	+1€	962.37500000	246368
963.87890625	2.00390625	trial	pun	246753	482	-1	0	-1	-0€	964.37890625	246881
965.88281250	2.00390625	trial	rew	247266	483	2	0.7436930244795814	2	+1€	966.38281250	247394
967.88671875	2.00390625	trial	rew	247779	484	2	0.5530793146595872	2	+1€	968.38671875	247907
969.89062500	2.00390625	trial	pun	248292	485	-2	-1	-2	-1€	970.39062500	248420
971.89453125	2.00390625	trial	pun	248805	486	-2	-1	-2	-1€	972.39453125	248933
973.89843750	2.00390625	trial	pun	249318	487	-1	0	-1	-0€	974.39843750	249446
975.90234375	2.00390625	trial	rew	249831	488	1	-0.5886787717037176	1	+0€	976.40234375	249959
977.90625000	2.00390625	trial	pun	250344	489	-1	0	-1	-0€	978.40625000	250472
979.91015625	2.00390625	trial	rew	250857	490	1	-0.4377962961752627	1	+0€	980.41015625	250985
981.91406250	2.00390625	trial	pun	251370	491	-1	0	-1	-0€	982.41406250	251498
983.91796875	2.00390625	trial	pun	251883	492	-2	-1	-2	-1€	984.41796875	252011
985.92187500	2.00390625	trial	rew	252396	493	2	1	2	+1€	986.42187500	252524
987.92578125	2.00390625	trial	rew	252909	494	1	0	1	+0€	988.42578125	253037
989.92968750	2.00390625	trial	rew	253422	495	2	0.7436930244795814	2	+1€	990.42968750	253550
991.93359375	2.00390625	trial	pun	253935	496	-2	-0.7436930244795814	-2	-1€	992.43359375	254063
993.93750000	2.00390625	trial	pun	254448	497	-1	0	-1	-0€	994.43750000	254576
995.94140625	2.00390625	trial	rew	254961	498	2	0.6744139483914603	2	+1€	996.44140625	255089
997.94531250	2.00390625	trial	pun	255474	499	-2	-0.7436930244795814	-2	-1€	998.44531250	255602
999.94921875	2.00390625	trial	rew	255987	500	2	0.5015569490304614	2	+1€	1000.44921875	256115
1001.95312500	2.00390625	trial	rew	256500	501	1	-0.4469206853404128	1	+0€	1002.45312500	256628
1003.95703125	2.00390625	trial	pun	257013	502	-2	-1	-2	-1€	1004.45703125	257141
1005.96093750	2.00390625	trial	pun	257526	503	-2	-0.5530793146595872	-2	-1€	1006.46093750	257654
1007.96484375	2.00390625	trial	pun	258039	504	-1	0.2563069755204186	-1	-0€	1008.46484375	258167
1009.96875000	2.00390625	trial	rew	258552	505	2	0.373004404373215	2	+1€	1010.46875000	258680
1011.97265625	2.00390625	trial	pun	259065	506	-2	-0.7436930244795814	-2	-1€	1012.47265625	259193
1013.97656250	2.00390625	trial	rew	259578	507	2	0.6676282038167011	2	+1€	1014.47656250	259706
1015.98046875	2.00390625	trial	pun	260091	508	-2	-0.5530793146595872	-2	-1€	1016.48046875	260219
1017.98437500	2.00390625	trial	rew	260604	509	2	0.4965104381243128	2	+1€	1018.48437500	260732
1019.98828125	2.00390625	trial	rew	261117	510	1	-0.722599226367479	1	+0€	1020.48828125	261245
1021.99218750	2.00390625	trial	rew	261630	511	2	0.3692513494143522	2	+1€	1022.49218750	261758
1023.99609375	2.00390625	trial	pun	262143	512	-2	-0.4113212282962824	-2	-1€	1024.49609375	262271
1026.00000000	2.00390625	trial	pun	262656	513	-1	0.4469206853404128	-1	-0€	1026.50000000	262784
1028.00390625	2.00390625	trial	rew	263169	514	2	0.462607995856164	2	+1€	1028.50390625	263297
1030.00781250	2.00390625	trial	rew	263682	515	2	0.3440383395867083	2	+1€	1030.50781250	263810
1032.01171875	2.00390625	trial	rew	264195	516	2	0.2558589133041723	2	+1€	1032.51171875	264323
1034.01562500	2.00390625	trial	rew	264708	517	1	-0.7253903471608737	1	+0€	1034.51562500	264836
1036.01953125	2.00390625	trial	rew	265221	518	2	0.1902804890752389	2	+1€	1036.51953125	265349
1038.02343750	2.00390625	trial	rew	265734	519	2	0.4605322587916363	2	+1€	1038.52343750	265862
1040.02734375	2.00390625	trial	pun	266247	520	-1	0.6941032716956814	-1	-0€	1040.52734375	266375
1042.03125000	2.00390625	trial	rew	266760	521	2	0.3424946284111653	2	+1€	1042.53125000	266888
1044.03515625	2.00390625	trial	pun	267273	522	-1	0.5161997614285339	-1	-0€	1044.53515625	267401
1046.03906250	2.00390625	trial	rew	267786	523	2	0.2547108660711099	2	+1€	1046.53906250	267914
1048.04296875	2.00390625	trial	rew	268299	524	1	-0.8105733056437627	1	+0€	1048.54296875	268427
1050.04687500	2.00390625	trial	rew	268812	525	2	0.1415102724198183	2	+1€	1050.54687500	268940
1052.05078125	2.00390625	trial	pun	269325	526	-2	-0.6161058381875752	-2	-1€	1052.55078125	269453
1054.05468750	2.00390625	trial	pun	269838	527	-2	-0.4113212282962824	-2	-1€	1054.55468750	269966
1056.05859375	2.00390625	trial	pun	270351	528	-1	0.1906137098199941	-1	-0€	1056.55859375	270479
1058.06250000	2.00390625	trial	pun	270864	529	-1	0.3323717961832989	-1	-0€	1058.56250000	270992
1060.06640625	2.00390625	trial	pun	271377	530	-1	0.1417580863633047	-1	-0€	1060.56640625	271505
1062.07031250	2.00390625	trial	rew	271890	531	2	0.1052402024908241	2	+1€	1062.57031250	272018
1064.07421875	2.00390625	trial	pun	272403	532	-2	-0.8945755000080362	-2	-1€	1064.57421875	272531
1066.07812500	2.00390625	trial	pun	272916	533	-2	-0.4581936142012455	-2	-1€	1066.57812500	273044
1068.08203125	2.00390625	trial	rew	273429	534	1	0	1	+0€	1068.58203125	273557
1070.08593750	2.00390625	trial	rew	273942	535	2	0.397182286763378	2	+1€	1070.58593750	274070
1072.08984375	2.00390625	trial	rew	274455	536	1	-0.9217335955127555	1	+0€	1072.58984375	274583
1074.09375000	2.00390625	trial	pun	274968	537	-1	0.3347104407736898	-1	-0€	1074.59375000	275096
1076.09765625	2.00390625	trial	pun	275481	538	-1	0.2489218200238792	-1	-0€	1076.59765625	275609
1078.10156250	2.00390625	trial	rew	275994	539	2	0.295381696112773	2	+1€	1078.60156250	276122
1080.10546875	2.00390625	trial	pun	276507	540	-2	-0.3407553947425547	-2	-1€	1080.60546875	276635
1082.10937500	2.00390625	trial	pun	277020	541	-2	-0.2534174101238241	-2	-1€	1082.60937500	277148
1084.11328125	2.00390625	trial	pun	277533	542	-1	0.1851214211925207	-1	-0€	1084.61328125	277661
1086.11718750	2.00390625	trial	rew	278046	543	2	0.3145131545886798	2	+1€	1086.61718750	278174
1088.12109375	2.00390625	trial	pun	278559	544	-1	0.1376735096226242	-1	-0€	1088.62109375	278687
1090.12500000	2.00390625	trial	pun	279072	545	-2	-0.1884647601907692	-2	-1€	1090.62500000	279200
1092.12890625	2.00390625	trial	pun	279585	546	-1	0.1023868287619681	-1	-0€	1092.62890625	279713
1094.13281250	2.00390625	trial	rew	280098	547	2	0.2196733069580168	2	+1€	1094.63281250	280226
1096.13671875	2.00390625	trial	rew	280611	548	2	0.2339012391746694	2	+1€	1096.63671875	280739
1098.14062500	2.00390625	trial	pun	281124	549	-1	0.07614437034886108	-1	-0€	1098.64062500	281252
1100.14453125	2.00390625	trial	pun	281637	550	-2	-0.9433719629181622	-2	-1€	1100.64453125	281765
1102.14843750	2.00390625	trial	rew	282150	551	2	0.1739507199913318	2	+1€	1102.64843750	282278
1104.15234375	2.00390625	trial	pun	282663	552	-2	-0.1401599275140921	-2	-1€	1104.65234375	282791
1106.15625000	2.00390625	trial	pun	283176	553	-2	-0.7015791483118474	-2	-1€	1106.65625000	283304
1108.16015625	2.00390625	trial	pun	283689	554	-1	0.4782404812801534	-1	-0€	1108.66015625	283817
1110.16406250	2.00390625	trial	pun	284202	555	-2	-0.104235960403794	-2	-1€	1110.66406250	284330
1112.16796875	2.00390625	trial	pun	284715	556	-2	-0.6443358900481921	-2	-1€	1112.66796875	284843
1114.17187500	2.00390625	trial	rew	285228	557	2	0.1293659370607544	2	+1€	1114.67187500	285356
1116.17578125	2.00390625	trial	rew	285741	558	2	0.09620854499734754	2	+1€	1116.67578125	285869
1118.17968750	2.00390625	trial	pun	286254	559	-2	-0.07751955665223142	-2	-1€	1118.67968750	286382
1120.18359375	2.00390625	trial	rew	286767	560	1	-0.9284503761901427	1	+0€	1120.68359375	286895
1122.18750000	2.00390625	trial	pun	287280	561	-1	0.9423492464569858	-1	-0€	1122.68750000	287408
1124.19140625	2.00390625	trial	rew	287793	562	2	0.163369506049039	2	+1€	1124.69140625	287921
1126.19531250	2.00390625	trial	pun	288306	563	-1	0.520811893149317	-1	-0€	1126.69531250	288434
1128.19921875	2.00390625	trial	rew	288819	564	2	0.1214967620613451	2	+1€	1128.69921875	288947
1130.20312500	2.00390625	trial	rew	289332	565	1	-0.6904820683480524	1	+0€	1130.70312500	289460
1132.20703125	2.00390625	trial	rew	289845	566	2	0.09035629444187776	2	+1€	1132.70703125	289973
1134.21093750	2.00390625	trial	pun	290358	567	-1	0.7008185612136502	-1	-0€	1134.71093750	290486
1136.21484375	2.00390625	trial	rew	290871	568	2	0.06719734589424764	2	+1€	1136.71484375	290999
1138.21875000	2.00390625	trial	rew	291384	569	2	0.04997419740509357	2	+1€	1138.71875000	291512
1140.22265625	2.00390625	trial	rew	291897	570	2	0.03716546201413373	2	+1€	1140.72265625	292025
1142.22656250	2.00390625	trial	pun	292410	571	-1	0.5211938754004082	-1	-0€	1142.72656250	292538
1144.23046875	2.00390625	trial	rew	292923	572	1	-0.9723603051485279	1	+0€	1144.73046875	293051
1146.23437500	2.00390625	trial	pun	293436	573	-1	0.3873241720011521	-1	-0€	1146.73437500	293564
1148.23828125	2.00390625	trial	rew	293949	574	1	-0.7231375762197974	1	+0€	1148.73828125	294077
1150.24218750	2.00390625	trial	pun	294462	575	-2	-0.6123917504632364	-2	-1€	1150.74218750	294590
1152.24609375	2.00390625	trial	rew	294975	576	1	-0.5377923711737349	1	+0€	1152.74609375	295103
