name	type	units	low_cutoff	high_cutoff	sampling_frequency	reference	roi	hemisphere	status	description
O'3-O'2	SEEG	n/a	n/a	n/a	256.0	bipolar	vmPFC	L	good	high-gamma power of the bipolar derivation (authors' preprocessing)
O'4-O'3	SEEG	n/a	n/a	n/a	256.0	bipolar	vmPFC	L	good	high-gamma power of the bipolar derivation (authors' preprocessing)
O'5-O'4	SEEG	n/a	n/a	n/a	256.0	bipolar	lOFC	L	good	high-gamma power of the bipolar derivation (authors' preprocessing)
O'6-O'5	SEEG	n/a	n/a	n/a	256.0	bipolar	lOFC	L	good	high-gamma power of the bipolar derivation (authors' preprocessing)
O'7-O'6	SEEG	n/a	n/a	n/a	256.0	bipolar	lOFC	L	good	high-gamma power of the bipolar derivation (authors' preprocessing)
O'8-O'7	SEEG	n/a	n/a	n/a	256.0	bipolar	lOFC	L	good	high-gamma power of the bipolar derivation (authors' preprocessing)
F'4-F'3	SEEG	n/a	n/a	n/a	256.0	bipolar	dlPFC	L	good	high-gamma power of the bipolar derivation (authors' preprocessing)
F'5-F'4	SEEG	n/a	n/a	n/a	256.0	bipolar	dlPFC	L	good	high-gamma power of the bipolar derivation (authors' preprocessing)
F'6-F'5	SEEG	n/a	n/a	n/a	256.0	bipolar	dlPFC	L	good	high-gamma power of the bipolar derivation (authors' preprocessing)
F'7-F'6	SEEG	n/a	n/a	n/a	256.0	bipolar	dlPFC	L	good	high-gamma power of the bipolar derivation (authors' preprocessing)
F'8-F'7	SEEG	n/a	n/a	n/a	256.0	bipolar	dlPFC	L	good	high-gamma power of the bipolar derivation (authors' preprocessing)
